{
  "/media/murphy/P3/groundzero/serverless-experiment/auth-service/serverless.yml": {
    "versionFramework": "4.7.0",
    "servicePath": "/media/murphy/P3/groundzero/serverless-experiment/auth-service/serverless.yml",
    "serviceConfigFileName": "serverless.yml",
    "service": {
      "service": "auth-service",
      "provider": {
        "name": "aws",
        "runtime": "nodejs22.x",
        "memorySize": 256,
        "stage": "dev",
        "region": "ap-south-1",
        "environment": {
          "AUTH0_PUBLIC_KEY": "${file(secret.pem)}"
        }
      },
      "functions": {
        "auth": {
          "handler": "src/handlers/auth.handler",
          "cors": true
        },
        "publicEndpoint": {
          "handler": "src/handlers/public.handler",
          "events": [
            {
              "http": {
                "path": "public",
                "method": "POST",
                "cors": true
              }
            }
          ]
        },
        "privateEndpoint": {
          "handler": "src/handlers/private.handler",
          "events": [
            {
              "http": {
                "path": "private",
                "method": "POST",
                "authorizer": "auth",
                "cors": true
              }
            }
          ]
        }
      },
      "resources": {
        "Resources": {
          "GatewayResponse": {
            "Type": "AWS::ApiGateway::GatewayResponse",
            "Properties": {
              "ResponseParameters": {
                "gatewayresponse.header.Access-Control-Allow-Origin": "'*'",
                "gatewayresponse.header.Access-Control-Allow-Headers": "'*'"
              },
              "ResponseType": "EXPIRED_TOKEN",
              "RestApiId": {
                "Ref": "ApiGatewayRestApi"
              },
              "StatusCode": "401"
            }
          },
          "AuthFailureGatewayResponse": {
            "Type": "AWS::ApiGateway::GatewayResponse",
            "Properties": {
              "ResponseParameters": {
                "gatewayresponse.header.Access-Control-Allow-Origin": "'*'",
                "gatewayresponse.header.Access-Control-Allow-Headers": "'*'"
              },
              "ResponseType": "UNAUTHORIZED",
              "RestApiId": {
                "Ref": "ApiGatewayRestApi"
              },
              "StatusCode": "401"
            }
          }
        }
      },
      "custom": {
        "bundle": {
          "linting": true
        }
      }
    },
    "provider": {
      "name": "aws",
      "runtime": "nodejs22.x",
      "memorySize": 256,
      "stage": "dev",
      "region": "ap-south-1",
      "environment": {
        "AUTH0_PUBLIC_KEY": "${file(secret.pem)}"
      }
    },
    "error": {
      "message": "Command not found",
      "stack": "Error: Command not found\n    at _CoreRunner.run (file:///home/murphy/.serverless/releases/4.7.0/package/dist/sf-core.js:1204:4469)\n    at route (file:///home/murphy/.serverless/releases/4.7.0/package/dist/sf-core.js:1509:2792)\n    at async Object.run (file:///home/murphy/.serverless/releases/4.7.0/package/dist/sf-core.js:1510:3668)\n    at async run2 (file:///home/murphy/.serverless/releases/4.7.0/package/dist/sf-core.js:1510:4821)"
    },
    "serviceRawFile": "# Welcome to Serverless!\n#\n# This file is the main config file for your service.\n# It's very minimal at this point and uses default values.\n# You can always add more config options for more control.\n# We've included some commented out config examples here.\n# Just uncomment any of them to get that config option.\n#\n# For full config options, check the docs:\n#    docs.serverless.com\n#\n# Happy Coding!\n\nservice: auth-service\n# app and org for use with dashboard.serverless.com\n#app: your-app-name\n#org: your-org-name\n\n#  - serverless-bundle\n#plugins:\n#  - serverless-bundle\n\n# You can pin your service to only deploy with a specific Serverless version\n# Check out our docs for more details\n\nprovider:\n  name: aws\n  runtime: nodejs22.x\n  memorySize: 256\n  stage: ${opt:stage, 'dev'}\n  region: ap-south-1\n  environment:\n    AUTH0_PUBLIC_KEY: ${file(secret.pem)}\n\n# you can overwrite defaults here\n#  stage: dev\n#  region: us-east-1\n\n# you can add statements to the Lambda function's IAM Role here\n#  iamRoleStatements:\n#    - Effect: \"Allow\"\n#      Action:\n#        - \"s3:ListBucket\"\n#      Resource: { \"Fn::Join\" : [\"\", [\"arn:aws:s3:::\", { \"Ref\" : \"ServerlessDeploymentBucket\" } ] ]  }\n#    - Effect: \"Allow\"\n#      Action:\n#        - \"s3:PutObject\"\n#      Resource:\n#        Fn::Join:\n#          - \"\"\n#          - - \"arn:aws:s3:::\"\n#            - \"Ref\" : \"ServerlessDeploymentBucket\"\n#            - \"/*\"\n\n# you can define service wide environment variables here\n#  environment:\n#    variable1: value1\n\n# you can add packaging information here\n#package:\n#  include:\n#    - include-me.js\n#    - include-me-dir/**\n#  exclude:\n#    - exclude-me.js\n#    - exclude-me-dir/**\n\nfunctions:\n  auth:\n    handler: src/handlers/auth.handler\n    cors: true\n  publicEndpoint:\n    handler: src/handlers/public.handler\n    events:\n      - http:\n          path: public\n          method: POST\n          cors: true\n  privateEndpoint:\n    handler: src/handlers/private.handler\n    events:\n      - http:\n          path: private\n          method: POST\n          authorizer: auth\n          cors: true\n\n# you can add CloudFormation resource templates here\nresources:\n  Resources:\n    # This response is needed for custom authorizer failures cors support ¯\\_(ツ)_/¯\n    GatewayResponse:\n      Type: 'AWS::ApiGateway::GatewayResponse'\n      Properties:\n        ResponseParameters:\n          gatewayresponse.header.Access-Control-Allow-Origin: \"'*'\"\n          gatewayresponse.header.Access-Control-Allow-Headers: \"'*'\"\n        ResponseType: EXPIRED_TOKEN\n        RestApiId:\n          Ref: 'ApiGatewayRestApi'\n        StatusCode: '401'\n    AuthFailureGatewayResponse:\n      Type: 'AWS::ApiGateway::GatewayResponse'\n      Properties:\n        ResponseParameters:\n          gatewayresponse.header.Access-Control-Allow-Origin: \"'*'\"\n          gatewayresponse.header.Access-Control-Allow-Headers: \"'*'\"\n        ResponseType: UNAUTHORIZED\n        RestApiId:\n          Ref: 'ApiGatewayRestApi'\n        StatusCode: '401'\ncustom:\n  bundle:\n    linting: true",
    "command": [
      "deploy"
    ],
    "options": {
      "v": true,
      "aws-profile": "default"
    },
    "serviceProviderAwsCfStackId": "arn:aws:cloudformation:ap-south-1:127214154704:stack/auth-service-dev/6b4e2690-fbde-11ef-ae6d-02ebee485877",
    "serviceProviderAwsCfStackCreated": "2025-03-08T05:30:17.427Z",
    "serviceProviderAwsCfStackUpdated": null,
    "serviceProviderAwsCfStackStatus": "CREATE_COMPLETE",
    "serviceProviderAwsCfStackOutputs": [
      {
        "OutputKey": "AuthLambdaFunctionQualifiedArn",
        "OutputValue": "arn:aws:lambda:ap-south-1:127214154704:function:auth-service-dev-auth:17",
        "Description": "Current Lambda function version",
        "ExportName": "sls-auth-service-dev-AuthLambdaFunctionQualifiedArn"
      },
      {
        "OutputKey": "PublicEndpointLambdaFunctionQualifiedArn",
        "OutputValue": "arn:aws:lambda:ap-south-1:127214154704:function:auth-service-dev-publicEndpoint:17",
        "Description": "Current Lambda function version",
        "ExportName": "sls-auth-service-dev-PublicEndpointLambdaFunctionQualifiedArn"
      },
      {
        "OutputKey": "PrivateEndpointLambdaFunctionQualifiedArn",
        "OutputValue": "arn:aws:lambda:ap-south-1:127214154704:function:auth-service-dev-privateEndpoint:17",
        "Description": "Current Lambda function version",
        "ExportName": "sls-auth-service-dev-PrivateEndpointLambdaFunctionQualifiedArn"
      },
      {
        "OutputKey": "ServiceEndpoint",
        "OutputValue": "https://b4cszosxvc.execute-api.ap-south-1.amazonaws.com/dev",
        "Description": "URL of the service endpoint",
        "ExportName": "sls-auth-service-dev-ServiceEndpoint"
      },
      {
        "OutputKey": "ServerlessDeploymentBucketName",
        "OutputValue": "serverless-framework-deployments-ap-south-1-77131c9a-7127",
        "ExportName": "sls-auth-service-dev-ServerlessDeploymentBucketName"
      }
    ]
  }
}